tag,smiles,affinity,pose
lig_0002,CCC(=O)C1=C(O)OC(CC)(c2ccccc2)CC1,-7.32,dockrun/out/lig_0002_best.pdbqt
lig_0001,CCC(c1ccccc1)c1c(O)c2c(oc1=O)CCCC2,-8.166,dockrun/out/lig_0001_best.pdbqt
lig_0003,C[C@@H]1[C@H](O)[C@@H](O)[CH]CN(Cc2ccccc2)C(=O)N1Cc1ccccc1,-9.259,dockrun/out/lig_0003_best.pdbqt
lig_0005,CC(=CSC1C=CC=C1)COc1ccc(O)cc1,-6.097,dockrun/out/lig_0005_best.pdbqt
lig_0004,CN1C(=O)N(C)[C@H](Cc2ccccc2)[C@H](O)[C@@H](O)[C@H]1Cc1ccccc1,-8.724,dockrun/out/lig_0004_best.pdbqt
lig_0006,O=C(NCc1ccccc1)C(c1ccccc1)N1CCC1=O,-8.335,dockrun/out/lig_0006_best.pdbqt
lig_0007,O=C1CC2(CCCc3ccccc32)OC(O)=C1SCc1ccccc1,-9.758,dockrun/out/lig_0007_best.pdbqt
lig_0008,CC(C)C1=NC(=CSCN2CCOCC2)COC(=O)N1,-6.544,dockrun/out/lig_0008_best.pdbqt
lig_0009,CC(C)C1(Cc2ccccc2)CC(=O)C(C)(c2ccccc2)C=C(O)O1,-9.067,dockrun/out/lig_0009_best.pdbqt
lig_0011,CC(C)(C)NC(=O)C(c1ccccc1)N1CCC1=O,-7.163,dockrun/out/lig_0011_best.pdbqt
lig_0010,CCC(=O)C1=C(O)OC(CCO)(Cc2ccccc2)CC1,-7.573,dockrun/out/lig_0010_best.pdbqt
lig_0013,O=C(O)CCNc1ccc(C(F)(F)F)cc1,-6.127,dockrun/out/lig_0013_best.pdbqt
lig_0014,Cc1ccccc1C=C1OC(=O)C(NC2CCCC2)=C1O,-8.644,dockrun/out/lig_0014_best.pdbqt
lig_0015,C=CN1C(=O)NC1SC=C1C(C)=CC2C=COC2=C1N,-7.499,dockrun/out/lig_0015_best.pdbqt
lig_0012,O=C1N(Cc2ccccc2)[C@H](Cc2ccccc2)[C@H](O)[C@H](O)[C@]23CC[C@H](CC2)N13,-9.905,dockrun/out/lig_0012_best.pdbqt
lig_0017,O=C(NCc1ccccc1)C(Cc1ccccc1)N1CCC1=O,-7.706,dockrun/out/lig_0017_best.pdbqt
lig_0016,CC(=O)N[C@@H](Cc1ccccc1)C(=O)N1CCC(=O)[C@@H]1Sc1ccccc1,-8.803,dockrun/out/lig_0016_best.pdbqt
lig_0019,O=C(N[C@H]1CN2CCC1CC2)C(Cc1ccccc1)N1CCC1=O,-8.298,dockrun/out/lig_0019_best.pdbqt
lig_0018,Cc1cc(S(C)(=O)=O)ccc1[C@@]1(CC(C)C)COC=CC=CCNC[C@@H]1O,-7.766,dockrun/out/lig_0018_best.pdbqt
lig_0022,CCC(=O)C1=C(O)OC(C2CCCCC2)CC1,-7.205,dockrun/out/lig_0022_best.pdbqt
lig_0020,O=C(OC1COc2cc(O)cc(O)c2C1)c1ccc(F)cn1,-7.744,dockrun/out/lig_0020_best.pdbqt
lig_0023,Cc1ccccc1CNC(=O)CCSc1ccccc1,-6.665,dockrun/out/lig_0023_best.pdbqt
lig_0021,CC=C1C=CCNC(=O)N(Cc2ccccc2)CC(O)[C@@H]1Cc1ccccc1F,-9.263,dockrun/out/lig_0021_best.pdbqt
lig_0024,CCC(C1=C(O)OC(CC)(c2ccccc2)CC1=O)c1ccccc1,-8.504,dockrun/out/lig_0024_best.pdbqt
lig_0025,O=C1c2ccccc2C(CCc2ccccc2)CC(O)C1C1=CC=CNC1,-9.864,dockrun/out/lig_0025_best.pdbqt
lig_0026,O=C1C=CC=CC(CCCC2C=C(O)C(c3ccccc3)=CC2=O)CO1,-8.985,dockrun/out/lig_0026_best.pdbqt
lig_0027,CC1=C(O)C=CCC1c1cccc(NS(=O)(=O)c2ccc(F)cc2)c1C,-9.307,dockrun/out/lig_0027_best.pdbqt
lig_0029,CCCC1CC(=O)C(SCCc2ccccc2)=C(O)OC(C)C1,-7.496,dockrun/out/lig_0029_best.pdbqt
lig_0028,COc1cccc2c1-c1cc(OCCN3CCOCC3)ccc1CCCO2,-8.385,dockrun/out/lig_0028_best.pdbqt
lig_0030,CC(C)(C)NC(=O)C(CC1CCCCC1)N1CCC1=O,-7.285,dockrun/out/lig_0030_best.pdbqt
lig_0032,CCC(c1ccccc1)c1c(O)c2c(oc1=O)C(C)CCCCCC2,-8.476,dockrun/out/lig_0032_best.pdbqt
lig_0031,CCC1C=C(O)OC(CC)(c2ccc(OCc3ccccc3)cc2)C1=O,-9.055,dockrun/out/lig_0031_best.pdbqt
lig_0034,CC1CCCCCCc2c1oc(O)c(C(c1ccccc1)C1CC1)c2=O,-8.882,dockrun/out/lig_0034_best.pdbqt
lig_0033,COC(=O)[C@H](Cc1ccccc1)NC(=O)CCc1ccccc1,-8.038,dockrun/out/lig_0033_best.pdbqt
lig_0036,O=c1cc(-c2ccccc2)oc(O)c1Sc1ccccc1,-8.704,dockrun/out/lig_0036_best.pdbqt
lig_0038,O=c1c(CCc2ccc(O)cc2)c(O)oc2ccccc12,-8.501,dockrun/out/lig_0038_best.pdbqt
lig_0035,NC(=O)CCCC1[C@H]2CC(C(F)(F)F)CN2C(=O)N1Cc1cccc(O)c1,-8.369,dockrun/out/lig_0035_best.pdbqt
lig_0037,CC1CN(C(Cc2ccccc2)C(=O)NCC2N=Cc3cncnc32)C1=O,-9.029,dockrun/out/lig_0037_best.pdbqt
lig_0039,O=C1C=CC=CNC=Cc2ccccc2C[C@H](O)[C@H](Cc2ccccc2)N1,-10.257,dockrun/out/lig_0039_best.pdbqt
lig_0040,Cc1cn([C@@H]2CC(F)(F)[C@H](CO)O2)c(=O)[nH]c1=O,-7.027,dockrun/out/lig_0040_best.pdbqt
lig_0043,CC(C)[C]1CC[C@](C)(C(=O)O)C[C@H](C)O1,-6.018,dockrun/out/lig_0043_best.pdbqt
lig_0041,CNC(=O)c1[nH]c2ccccc2c1Sc1ccccc1,-7.857,dockrun/out/lig_0041_best.pdbqt
lig_0044,NC(=O)c1[nH]c2ccc(Cl)cc2c1Sc1ccccc1,-8.129,dockrun/out/lig_0044_best.pdbqt
lig_0046,Cc1cn([C@H]2C=C(F)[C@H](CO)O2)c(=O)nc1O,-6.413,dockrun/out/lig_0046_best.pdbqt
lig_0047,CC(C)(C)NC(=O)c1ccccc1Cl,-5.789,dockrun/out/lig_0047_best.pdbqt
lig_0042,CS(=O)(=O)Nc1cccc(C(c2c(O)c3c(oc2=O)CCCCCC3)C2CC2)c1,-9.458,dockrun/out/lig_0042_best.pdbqt
lig_0045,CC(C)(C)OC(=O)N[C@@H](Cc1ccccc1)[C@@H](O)CC(=O)N1CCc2ccccc21,-8.652,dockrun/out/lig_0045_best.pdbqt
lig_0048,CCOC(=O)C(NC(=O)CC(C)c1ccc(O)cc1)c1ccccc1,-8.041,dockrun/out/lig_0048_best.pdbqt
lig_0049,CC(C)(C)NC(=O)C1OC(O)=C(CCc2ccccc2)C(=O)C1Cc1ccccc1,-9.542,dockrun/out/lig_0049_best.pdbqt
lig_0050,CC(C)(C)OC(=O)NCC(=O)N1C[C@H]2CCCC[C@H]2C[C@H]1C(=O)NCc1ccccc1,-9.137,dockrun/out/lig_0050_best.pdbqt
lig_0052,CO[CH]OC([CH]O)CNC(=O)OCc1ccccc1,-6.126,dockrun/out/lig_0052_best.pdbqt
lig_0051,Cc1nc(CN2CCN(C(=O)CCc3cc4c(C)cccc4[nH]3)CC2)no1,-9.366,dockrun/out/lig_0051_best.pdbqt
lig_0054,NC(=O)c1[nH]c2ccc(Br)cc2c1Sc1ccccc1,-8.027,dockrun/out/lig_0054_best.pdbqt
lig_0055,Nc1nc(=O)n([C@@H]2C=C(F)[C@H](CO)O2)cc1F,-6.785,dockrun/out/lig_0055_best.pdbqt
lig_0058,O=C1CC=CC=CCC2c3c(O)cccc3OCC2O1,-8.193,dockrun/out/lig_0058_best.pdbqt
lig_0053,CC=C1C=C(S(=O)(=O)N(CC(C)C)[C@@H]2c3ccccc3S[C@@H]2CN)OC=C1C,-7.437,dockrun/out/lig_0053_best.pdbqt
lig_0056,NC(=O)CCNC(=O)C(c1ccccc1)N1C(=O)CC1c1ccccc1,-8.756,dockrun/out/lig_0056_best.pdbqt
lig_0057,CC(O)C(C)c1cccc(C(c2c(O)oc3c(c2=O)CCCCCC3)C2CC2)c1,-9.369,dockrun/out/lig_0057_best.pdbqt
lig_0060,Cc1cccc(C=C2OC(=O)C(Sc3ccccc3C(C)C)=C2O)c1,-9.213,dockrun/out/lig_0060_best.pdbqt
lig_0061,O=c1cc(-c2ccccc2)oc(O)c1SCc1ccccc1,-8.621,dockrun/out/lig_0061_best.pdbqt
lig_0062,O=c1oc(-c2ccccc2)cc(O)c1SCc1ccccc1,-8.567,dockrun/out/lig_0062_best.pdbqt
lig_0059,CC[C@H]1C=C(CNC(=O)N[C@@H](C)c2cccc(OCC(C)C)c2)N=NO1,-7.794,dockrun/out/lig_0059_best.pdbqt
lig_0064,O=C(Nc1nc2ccccc2[nH]1)C(c1ccccc1)N1CCC1=O,-9.327,dockrun/out/lig_0064_best.pdbqt
lig_0063,CC(C)C1=C(O)C=COC(=O)Cc2c(NS(=O)(=O)c3ccc(F)cc3)cccc21,-8.979,dockrun/out/lig_0063_best.pdbqt
lig_0066,CC(C)C1(CCc2ccoc2)CCC2=CC=CC=C(CSC=C(O)O1)NC2,-8.231,dockrun/out/lig_0066_best.pdbqt
lig_0068,Nc1ccn([C@@H]2O[C@@H](CO)C=C2F)c(=O)n1,-6.389,dockrun/out/lig_0068_best.pdbqt
lig_0069,Nc1ccn([C@@H]2C=C(F)[C@H](CO)O2)c(=O)n1,-6.795,dockrun/out/lig_0069_best.pdbqt
lig_0065,O=C1N[C@H](Cc2ccccc2)[C@H](O)[C@@H](O)[C@@H](Cc2ccccc2)N1CC1CC1,-9.743,dockrun/out/lig_0065_best.pdbqt
lig_0067,CC(C)CC1=C(O)C=COCCc2c(NS(=O)(=O)c3ccc(F)cc3)cccc21,-8.954,dockrun/out/lig_0067_best.pdbqt
lig_0071,Nc1nc(O)c2ncn([C@@H]3CC(F)(F)[C@H](CO)O3)c2n1,-7.688,dockrun/out/lig_0071_best.pdbqt
lig_0070,CCCC1(c2ccccc2)CC(=O)C(SCCc2ccccc2)=C(O)O1,-8.657,dockrun/out/lig_0070_best.pdbqt
lig_0072,CCS(=O)(=O)Nc1cccc(C(c2c(O)oc3c(c2=O)CCCCCC3)C2CC2)c1,-9.928,dockrun/out/lig_0072_best.pdbqt
lig_0075,O=C(O)c1cccc(CSc2c(O)oc3ccccc23)c1,-7.919,dockrun/out/lig_0075_best.pdbqt
lig_0073,CC(C)S[C@@H](F)[C@H](NC(=O)Cc1ccccc1)C(=O)NCC(F)F,-7.252,dockrun/out/lig_0073_best.pdbqt
lig_0074,CC(C)(C)OC(=O)N[C@@H](Cc1ccc(O)cc1)[C@@H](O)CC1CCCCC1,-7.931,dockrun/out/lig_0074_best.pdbqt
lig_0076,O=C(O)C(CC1CC1)c1c(O)oc2c(c1=O)CCCCCCCC2CC1CC1,-7.873,dockrun/out/lig_0076_best.pdbqt
lig_0077,CO[C@H]1[C@H](O)[C@@H](O)[C@@H](CCSC)N(Cc2ccccc2)C(=O)N1CC1CC1,-7.201,dockrun/out/lig_0077_best.pdbqt
lig_0078,COc1ccc(S(=O)(=O)N(Cc2ccc(CO)cc2)CC2CCCC2)cc1O,-8.987,dockrun/out/lig_0078_best.pdbqt
lig_0079,O=C(OC1COc2cc(O)cc(O)c2C1)c1ccc(C(F)(F)F)cc1O,-8.453,dockrun/out/lig_0079_best.pdbqt
lig_0080,CC(C)c1ccccc1Sc1c(O)cc(-c2ccccc2)oc1=O,-8.801,dockrun/out/lig_0080_best.pdbqt
lig_0083,CC(=O)O[C@@H](CO)C(=O)Nc1nc2ccccc2[nH]1,-7.01,dockrun/out/lig_0083_best.pdbqt
lig_0081,O=c1cc(-c2ccccc2)oc(O)c1SCc1ccc2c(c1)OCCO2,-9.48,dockrun/out/lig_0081_best.pdbqt
lig_0082,CC1CN(C(Cc2ccccc2)C(=O)NCCS(=O)(=O)C(C)C)C1=O,-7.618,dockrun/out/lig_0082_best.pdbqt
lig_0084,CC(C)C[C@@H]1[C@H](O)[C@@H](O)[C@@H](CC(C)C)N(CC2CC2)C(=O)N1Cc1ccccc1,-8.473,dockrun/out/lig_0084_best.pdbqt
lig_0085,NC1NCC(OCc2ccccc2)OC(CO)C1OCc1ccccc1,-8.644,dockrun/out/lig_0085_best.pdbqt
lig_0088,O=C1N(Cc2ccccc2)CC(O)(Cc2ccccc2)C(=O)N1Cc1ccccc1,-9.897,dockrun/out/lig_0088_best.pdbqt
lig_0087,CC(C)C(NC(=O)N(C)Cc1cc(C(C)(C)C)on1)C(=O)N[CH]Cc1ccccc1,-8.606,dockrun/out/lig_0087_best.pdbqt
lig_0086,CC=CC=C1COC(=O)N2CCC[C@H]2C(=O)N[C@@H](Cc2ccccc2)[C@H](O)CN(CC(C)C)C1,-5.649,dockrun/out/lig_0086_best.pdbqt
lig_0089,O=C(CCc1ccccc1)NC(CC1CC1)C(=O)NCC1N=Cc2cncnc21,-8.411,dockrun/out/lig_0089_best.pdbqt
lig_0090,O=C1N[C@H](Cc2ccccc2)[C@H](O)[C@@H](O)[C@@H](Cc2ccccc2)N1,-8.931,dockrun/out/lig_0090_best.pdbqt
lig_0091,CC(C)CC1OC(O)=C(SCc2ccccc2)C(=O)CC1c1ccccc1,-8.94,dockrun/out/lig_0091_best.pdbqt
lig_0093,CC(C)CC(CC1CCCCC1)c1c(O)cc(-c2ccccc2)oc1=O,-9.313,dockrun/out/lig_0093_best.pdbqt
lig_0092,CC(C)CCC1(c2ccccc2)CC(=O)C(SCCc2ccccc2)[C@@H](O)O1,-9.374,dockrun/out/lig_0092_best.pdbqt
lig_0094,CC(C)(C)OC(=O)N[C@@H](Cc1ccccc1)[C@H](O)CN1Cc2ccccc2C[C@H]1O,-9.473,dockrun/out/lig_0094_best.pdbqt
lig_0095,CC(C)(C)NC(=O)c1ccccc1CC(O)Cc1ccccc1C(=O)NC(C)(C)C,-8.822,dockrun/out/lig_0095_best.pdbqt
lig_0096,CCSCC1=C(O)C=C(C)OC(=O)Cc2c(C(=O)N3CCC(C(N)=O)CC3)cccc21,-8.221,dockrun/out/lig_0096_best.pdbqt
lig_0101,CC(C)c1[nH]c2ccccc2c1Sc1ccccc1,-7.765,dockrun/out/lig_0101_best.pdbqt
lig_0097,CC(C)(C)NC(=O)[C@@H]1CN(C(=O)Oc2ccccc2)CCN1C[C@@H](O)[CH]Cc1ccccc1,-9.099,dockrun/out/lig_0097_best.pdbqt
lig_0100,O=c1c2c(oc(O)c1C(C1CC1)C1CC1)C(Cc1ccccc1)CCCCCC2,-9.326,dockrun/out/lig_0100_best.pdbqt
lig_0099,COc1c(Cl)ccc2c1C(COc1ccccc1)(c1ccc(O)cc1)C(=O)N2,-8.58,dockrun/out/lig_0099_best.pdbqt
lig_0104,OC1=C(C(Sc2ccccc2)c2ccccc2)O[CH]CC2(CCCC2)O1,-9.642,dockrun/out/lig_0104_best.pdbqt
lig_0102,CCNC(=O)c1cccc(CNC(=O)NCCC(C)(C)c2ccccc2)c1,-8.19,dockrun/out/lig_0102_best.pdbqt
lig_0103,CC(C)C(NC(=O)N(C)Cc1csc(C(C)(C)C)n1)C(=O)N[CH]Cc1ccccc1,-8.735,dockrun/out/lig_0103_best.pdbqt
lig_0105,CC(C)CN1C(=O)N(CC(C)C)[C@H](Cc2ccccc2)[C@H](O)[C@@H](O)[C@H]1Cc1ccccc1,-9.293,dockrun/out/lig_0105_best.pdbqt
lig_0106,CC1CC(C)CN(Cc2ccccc2)C(=O)C(NC(=O)OCc2ccc(Br)cc2)C1,-10.049,dockrun/out/lig_0106_best.pdbqt
lig_0107,CCc1nn(C)cc1CNC(=O)NC(CSc1ccccc1)C(=O)C(F)(F)F,-8.421,dockrun/out/lig_0107_best.pdbqt
lig_0108,O=C(O)c1cccc(-c2cc(O)c(Sc3ccccc3C(F)F)c(=O)o2)c1,-9.107,dockrun/out/lig_0108_best.pdbqt
lig_0109,CCC1=C(O)C=CC2CCc3ccccc3C(=C1C(C)(C)C)OC2CC,-7.276,dockrun/out/lig_0109_best.pdbqt
lig_0111,COC(=O)[C@H](CSc1ccccc1)NC(=O)C1=CC=CCC1,-7.624,dockrun/out/lig_0111_best.pdbqt
lig_0112,O=c1ccoc(O)c1[CH]c1cccc(NS(=O)(=O)c2ccc(Cl)c(Cl)c2)c1,-9.301,dockrun/out/lig_0112_best.pdbqt
lig_0114,CC1=CC2=CC(C)=C(Sc3ccccc3C(C)C)C(=O)OC(=C1)C2,-8.741,dockrun/out/lig_0114_best.pdbqt
lig_0113,CCCC1[CH][C@H](O)[C@@H](O)[C@@H](CCSC)N(CC2CC2)C(=O)N1CC1CC1,-7.206,dockrun/out/lig_0113_best.pdbqt
lig_0110,C[C@H](Cc1ccc2c(c1)OCO2)C[C@H](O)[C@H](Cc1ccccc1)NC(=O)OC(C)(C)C,-9.618,dockrun/out/lig_0110_best.pdbqt
lig_0116,O=c1ccoc(O)c1Cc1cccc(NS(=O)(=O)c2ccc(Cl)c(Cl)c2)c1,-9.308,dockrun/out/lig_0116_best.pdbqt
lig_0115,CCCN1C(=O)N(CCC)[C@H](Cc2ccccc2)[C@H](O)[C@@H](O)[C@H]1CCc1ccccc1,-7.956,dockrun/out/lig_0115_best.pdbqt
lig_0117,Cc1c(O)cccc1C(=O)N[C@@H](Cc1ccccc1)[C@H](O)C(=O)N1CSC(C)(C)[C@H]1C,-9.129,dockrun/out/lig_0117_best.pdbqt
lig_0118,CC(C)(C)[C@@H](NC(=O)OCc1ccccc1)C(=O)NC(Cc1ccccc1)C(=O)CF,-8.788,dockrun/out/lig_0118_best.pdbqt
lig_0120,OC[C@]1(Cc2ccccc2)C[C@H](O)C[C@](CO)(Cc2ccccc2)[C@H]1O,-8.982,dockrun/out/lig_0120_best.pdbqt
lig_0123,CC1Cc2cc(Br)c(O)cc2C2(C1)CC(C)(C)c1ccc(O)cc12,-7.818,dockrun/out/lig_0123_best.pdbqt
lig_0119,C[C@@H]1CN(Cc2ccccc2)CCN1CC(O)C(Cc1ccccc1)NC(=O)OC(C)(C)C,-9.379,dockrun/out/lig_0119_best.pdbqt
lig_0121,CC(C)CN1COc2ccc(cc2O)CN(Cc2ccccc2)C(=O)NCCCC[C@H]1CO,-9.032,dockrun/out/lig_0121_best.pdbqt
lig_0122,CN(C)CCC1NC(=O)N(C)[C@H](Cc2ccccc2)[C@H](O)[C@@H](O)[C@H]1Cc1ccccc1,-9.743,dockrun/out/lig_0122_best.pdbqt
lig_0124,O=c1cc(-c2ccccc2)oc(O)c1C(CC1CCCC1)SC1CCCC1,-9.407,dockrun/out/lig_0124_best.pdbqt
lig_0125,Cc1ccccc1C=C1N=C(SCc2ccc3ccccc3c2)C(N)=C1O,-9.798,dockrun/out/lig_0125_best.pdbqt
lig_0126,CC(C)(C)NC(=O)c1ccccc1CC(O)CCc1ccccc1C(=O)OC(C)(C)C,-8.887,dockrun/out/lig_0126_best.pdbqt
lig_0129,O=C1[C@H](Cc2ccccc2)C(O)=C(O)N(Cc2ccccc2)[C@H]1Cc1ccccc1,-9.378,dockrun/out/lig_0129_best.pdbqt
lig_0127,CC(Cc1ccc(C(F)(F)F)cc1)NC(=O)[C@@H](NC(=O)OCc1ccccc1)C(C)C,-8.923,dockrun/out/lig_0127_best.pdbqt
lig_0128,[CH]C[C@H](Cc1ccccc1)NC(=O)C(NC(=O)OCc1cc(C(C)(C)C)on1)C(C)C,-8.341,dockrun/out/lig_0128_best.pdbqt
lig_0133,O=C1CC(c2ccccc2)(c2ccccc2)OC(O)=C1SCc1ccccc1,-9.753,dockrun/out/lig_0133_best.pdbqt
lig_0132,[C][C@]1(c2ccccc2)OC[C]2CNC3[C]C(O)C(NC2)[C@]3(CO)[C@H]1c1ccccc1,-7.437,dockrun/out/lig_0132_best.pdbqt
lig_0131,CC[C@H](C)[CH]NC(=O)CN1CCCCCC1C[C@](C)(O)c1cccc(C(F)(F)F)c1,-9.12,dockrun/out/lig_0131_best.pdbqt
lig_0130,CN(C)C(=O)[C](Cc1ccccc1)C[C@H](O)[C@H](Cc1ccccc1)NC(=O)OC(C)(C)C,-8.838,dockrun/out/lig_0130_best.pdbqt
lig_0137,CSc1ncccc1CN1CCN(Cc2cc3ccsc3s2)CC1,-7.871,dockrun/out/lig_0137_best.pdbqt
lig_0135,CC=CC=C1C(C)CC1SC1=C(O)OC(c2ccccc2)(c2ccccc2)CC1=O,-9.894,dockrun/out/lig_0135_best.pdbqt
lig_0136,CCc1ccccc1SC1=C(O)OC(CCCC(=O)O)(c2ccccc2)CC1=O,-8.575,dockrun/out/lig_0136_best.pdbqt
lig_0134,CCC(c1cccc(NS(=O)(=O)c2ccc(C#N)cc2)c1)c1c(O)cc(C)oc1=O,-8.917,dockrun/out/lig_0134_best.pdbqt
lig_0139,O=c1cc(C(c2ccccc2)C2CC2)oc(O)c1SCc1ccccc1,-8.46,dockrun/out/lig_0139_best.pdbqt
lig_0141,O=c1cc(-c2ccccc2)oc(O)c1C(SC1CCCC1)c1ccccc1,-9.53,dockrun/out/lig_0141_best.pdbqt
lig_0138,[CH][C@H](Cc1ccccc1)OC(=O)C(NC(=O)N(C)Cc1csc(C2CC2)n1)C(C)C,-8.455,dockrun/out/lig_0138_best.pdbqt
lig_0142,CC(C)CC(c1cccc(NS(=O)(=O)c2cn(C)cn2)c1)c1c(O)ccoc1=O,-8.777,dockrun/out/lig_0142_best.pdbqt
lig_0140,C[C@H](Cc1ccncc1)C[C@H](O)CN1CCN(Cc2ccccc2)C[C@H]1C(=O)NC(C)(C)C,-8.835,dockrun/out/lig_0140_best.pdbqt
lig_0143,[CH][C@H](O)[C@H](Cc1ccccc1)NC(=O)[C@@H](NC(=O)c1ccccc1C(C)(C)C)C(C)C,-8.963,dockrun/out/lig_0143_best.pdbqt
lig_0144,[CH]C(=O)N[C@@H](Cc1ccccc1)[C@H](O)CN1C[C@H]2CCCC[C@H]2C[C@H]1C(=O)NC(C)(C)C,-9.451,dockrun/out/lig_0144_best.pdbqt
lig_0145,CN[C@H](Cc1ccc2c(c1)CCO2)[C@H](O)[C@H](Cc1ccccc1)NC(=O)OC(C)(C)C,-9.227,dockrun/out/lig_0145_best.pdbqt
lig_0146,[CH][C@H](Cc1ccccc1)NC(=O)C(NC(=O)OCc1csc(N2CCOCC2)n1)C(C)C,-8.639,dockrun/out/lig_0146_best.pdbqt
lig_0148,O=C1N[C@H](Cc2cccc(Br)c2)[C@H](O)[C@@H](O)[C@@H](Cc2ccc(F)cc2)N1CC1CC1,-8.806,dockrun/out/lig_0148_best.pdbqt
lig_0147,CO[C@@H]1OC(CNC(=O)OCc2ccccc2)[C@@H](O)C(OCc2ccccc2)[C@H]1O,-8.1,dockrun/out/lig_0147_best.pdbqt
lig_0150,O=C1CC=CC=CCCOC2=c3ccccc3=CCC2NC(=O)[C@H](Cc2cccc3ccccc23)C1,-10.923,dockrun/out/lig_0150_best.pdbqt
lig_0149,CC1(C)CN(C[C@@H](O)[C@H](Cc2ccccc2)NC(=O)O[C@H]2CO[C@H]3OCC[C@H]32)C(=O)N1,-8.977,dockrun/out/lig_0149_best.pdbqt
lig_0154,O=C(OC[C@H]1CCCO1)[C@H](Cc1ccccc1)N1CCC1=O,-7.095,dockrun/out/lig_0154_best.pdbqt
lig_0152,CC(C)C[CH]NC(=O)[C@H](Cc1cccc2ccccc12)CS(=O)(=O)C(F)(F)C(N)=O,-8.817,dockrun/out/lig_0152_best.pdbqt
lig_0153,CC(C)CC(SCc1ccncc1)c1c(O)cc(-c2ccccc2)oc1=O,-8.978,dockrun/out/lig_0153_best.pdbqt
lig_0151,CC(C)c1ccccc1SC1=C(O)OC(CCC(=O)N2CCNCC2)(c2ccccc2)CC1=O,-9.932,dockrun/out/lig_0151_best.pdbqt
lig_0156,CC(C)(C)c1ccccc1Sc1c(O)cc(-c2cccc(Cl)c2)oc1=O,-9.125,dockrun/out/lig_0156_best.pdbqt
lig_0159,O=C(Nc1nc2ccccc2[nH]1)C(c1ccccc1)c1ccccc1,-9.537,dockrun/out/lig_0159_best.pdbqt
lig_0155,CC(C)(C)NC(=O)c1ccccc1CSc1c(O)cc(-c2ccccc2)oc1=O,-9.077,dockrun/out/lig_0155_best.pdbqt
lig_0157,CC(C)(C)NC(=O)[C@@H]1CN(C(=O)c2cccnc2)CCN1C[C@@H](O)[CH]Cc1ccc(O)cc1,-9.747,dockrun/out/lig_0157_best.pdbqt
lig_0160,CC(C)NC(=O)[C@@H]1CSCN1C(=O)C(O)C(Cc1ccccc1)NC(=O)OC(C)(C)C,-8.238,dockrun/out/lig_0160_best.pdbqt
lig_0161,CNC(=O)[C@@H]1C[C@@H]2CCCC[C@H]2CN1C[C@@H](O)[C@H](Cc1ccccc1)NC(=O)OC(C)(C)C,-9.351,dockrun/out/lig_0161_best.pdbqt
lig_0164,CCc1cccc(C=C2OC(=O)C(Sc3ccc4ccccc4c3)=C2O)c1,-9.427,dockrun/out/lig_0164_best.pdbqt
lig_0162,CCCC1NC(=O)N(CC(C)C)[C@H](Cc2ccccc2)[C@H](O)[C@@H](O)[C@H]1Cc1ccccc1,-8.99,dockrun/out/lig_0162_best.pdbqt
lig_0163,N#Cc1ccc(Cn2cnc(CC/C=C/c3ccccc3C[CH]OC(N)=O)c2)cc1,-8.616,dockrun/out/lig_0163_best.pdbqt
lig_0168,CC1(C)C=CC=CC=C(SC2=C(O)OC(c3ccccc3)(c3ccccc3)CC2=O)C1,-10.384,dockrun/out/lig_0168_best.pdbqt
lig_0166,CC(C)(C)OC(=O)N[C@@H](Cc1ccccc1)[C@@H](O)CCC(=O)NCc1cccs1,-8.244,dockrun/out/lig_0166_best.pdbqt
lig_0165,C[CH]C[C@@H](O)[C@@H](Cc1ccccc1)C1[C](C)[C@H](C(=O)O)[CH]C[C@H](O)C(C)(C)[CH]C1=CC,-7.419,dockrun/out/lig_0165_best.pdbqt
lig_0167,CC(C)[C@H](NC(=O)OCc1ccccc1)C(=O)NC(Cc1ccccc1)C(=O)C(C)(F)F,-8.69,dockrun/out/lig_0167_best.pdbqt
lig_0172,CNC(=O)[C@@H](O)[C@H](Cc1ccc(C(F)(F)F)cc1)NC(=O)c1c(C)ccc(O)c1C,-8.803,dockrun/out/lig_0172_best.pdbqt
lig_0171,CC(C)[CH][CH]OC(=O)N[C@@H](Cc1ccccc1)[C@H](O)CN1CCN(CC(C)(C)C)C[C@H]1C,-8.878,dockrun/out/lig_0171_best.pdbqt
lig_0170,CCN(Cc1ccccc1)C[C@@H](O)[C@H](Cc1ccccc1)NC(=O)O[C@H]1CO[C@H]2OCC[C@H]21,-9.097,dockrun/out/lig_0170_best.pdbqt
lig_0169,CC(C)(C)NC(=O)[C@H]1CSCN1C(=O)[C@@H](O)[C@H](Cc1ccccc1)NC(=O)c1ccccc1,-9.317,dockrun/out/lig_0169_best.pdbqt
lig_0173,CSCC[C]1C[C@@H](O)C[C@](CO)(Cc2ccccc2)CN1Cc1cccc(CO)c1,-8.604,dockrun/out/lig_0173_best.pdbqt
lig_0175,CN1CCC[C@H]1C(=O)N[C@@H](Cc1ccccc1)[C@H](O)C(=O)N1CCC[C@H]1C(=O)NC(C)(C)C,-9.072,dockrun/out/lig_0175_best.pdbqt
lig_0174,[CH][C@H](Cc1ccccc1)NC(=O)[C@@H](NC(=O)NCC1C=NN(c2ccccc2)C1)C(C)C,-9.163,dockrun/out/lig_0174_best.pdbqt
lig_0176,CCOC(=O)N1CSC[C@H]1C(=O)N[C@@H](Cc1ccccc1)[C@H](O)CN1C[C@H]2CCCC[C@H]2C[C@H]1C,-8.881,dockrun/out/lig_0176_best.pdbqt
lig_0178,CC=CC1=C(C(C)(C)C)C=CC(c2ccc(O)cc2)CC2(C)CC(=O)C(=C(O)O2)S1,-8.847,dockrun/out/lig_0178_best.pdbqt
lig_0177,CCCc1cc(=O)c(C(c2cccc(S(=O)(=O)Cc3ccncc3)c2)C2CC2)c(O)o1,-8.911,dockrun/out/lig_0177_best.pdbqt
lig_0179,[CH][C@H](Cc1ccccc1)NC(=O)[C@@H](NC(=O)c1ccccc1-c1ccccc1)C(C)(C)C,-9.642,dockrun/out/lig_0179_best.pdbqt
lig_0180,OC(c1ccccc1)C(O)C(COCc1ccccc1)OCc1ccccc1,-7.684,dockrun/out/lig_0180_best.pdbqt
lig_0182,[CH][C@@H](O)[C@@H](OCc1ccc(-c2cccc(C(C)=O)c2)cc1)C(=O)N[CH]C(=O)NC,-8.589,dockrun/out/lig_0182_best.pdbqt
lig_0181,C[CH]C[C@@H]1[CH]OC[C@@H]1OC(=O)N[C@@H](Cc1ccccc1)[C@H](O)CN1C[C@H]2CCCC[C@H]2C[C@H]1C,-9.459,dockrun/out/lig_0181_best.pdbqt
lig_0183,CC[CH]C(=O)N[C@@H](Cc1ccccc1)[C@@H](O)CC(=O)N1CCC[C@H]1C(=O)NC(C)(C)C,-8.955,dockrun/out/lig_0183_best.pdbqt
lig_0184,O=C1N[C@H](Cc2ccccc2)[C@H](O)[C@@H](O)[C@@H](Cc2ccccc2)N1Cc1cccc(F)c1,-10.301,dockrun/out/lig_0184_best.pdbqt
lig_0185,CCN1C(=O)N(Cc2ccccc2F)[C@H](Cc2ccccc2)[C@H](O)[C@@H](O)[C@H]1Cc1ccccc1,-9.592,dockrun/out/lig_0185_best.pdbqt
lig_0186,[CH]CNC(=O)[C@@H](O)[C@H](Cc1ccccc1)NC(=O)[C@H](Cc1ccc(F)cc1F)C(C)(C)C,-9.185,dockrun/out/lig_0186_best.pdbqt
lig_0189,CC(C)CC(Sc1ccccc1)c1c(O)cc(-c2ccccc2)oc1=O,-8.53,dockrun/out/lig_0189_best.pdbqt
lig_0187,[CH][C@@H](O)C[C@H](Cc1ccccc1)NC(=O)COc1nc(=O)n([C@@H]2CCS(=O)(=O)C2)cc1C,-8.394,dockrun/out/lig_0187_best.pdbqt
lig_0188,C[CH]C(=O)N[C@@H](Cc1ccccc1)[C@H](O)CN1C[C@H]2CCS[C@H]2C[C@H]1C(=O)NC(C)(C)C,-8.898,dockrun/out/lig_0188_best.pdbqt
lig_0191,CCSc1ncn(C[C@@H](O)[C@H](Cc2ccccc2)NCC(=O)N2CCOCC2)n1,-7.913,dockrun/out/lig_0191_best.pdbqt
lig_0190,CNC(=O)[C@@H]1C[C@@H]2SCC[C@@H]2CN1C[C@@H](Cc1ccccc1)C(=O)NC1c2ccccc2C[C@H]1O,-9.884,dockrun/out/lig_0190_best.pdbqt
lig_0192,CC(C)(C)NC(=O)[CH]C1N(C[C@@H](O)[C@@H](N)Cc2ccccc2)CCN1C(=O)OC1CCCC1,-8.853,dockrun/out/lig_0192_best.pdbqt
lig_0194,O=C1N(Cc2ccccc2)CCS[C@@H](Cc2ccccc2)N1Cc1ccccc1,-9.058,dockrun/out/lig_0194_best.pdbqt
lig_0193,CCCN(CCO)C(=O)C(Cc1ccc(Cl)cc1)C(O)CN1C[C@H]2CCCC[C@H]2C[C@H]1C,-8.697,dockrun/out/lig_0193_best.pdbqt
lig_0195,CNC=CCN1C(=O)N(c2cccc(NC)c2)[C@H](Cc2ccccc2)[C@H](O)[C@@H](O)[C@H]1C,-8.744,dockrun/out/lig_0195_best.pdbqt
lig_0197,Cc1noc(C)c1[C@H](O)C[C@@H](Cc1ccccc1)C(=O)N[C@H]1c2ccccc2C[C@H]1O,-9.652,dockrun/out/lig_0197_best.pdbqt
lig_0196,COc1cc(O)ccc1C=CCC(=O)N[C@@H](Cc1ccccc1)[C@H](O)CN1CC(C)C1,-8.978,dockrun/out/lig_0196_best.pdbqt
lig_0199,CCCC1(CCc2ccccc2)CC(=O)C(C(Cc2ccccc2)C2CC2)=C(O)O1,-9.1,dockrun/out/lig_0199_best.pdbqt
lig_0198,CN[C@@H](Cc1ccccc1)[C@H](O)CN1CCN(Cc2ccccc2)C[C@H]1C(=O)NC(C)(C)C,-8.844,dockrun/out/lig_0198_best.pdbqt
lig_0200,CC(NC(=O)c1ccccc1-c1ccccc1)C(=O)N[C@@H](Cc1ccccc1)C(=O)CF,-9.402,dockrun/out/lig_0200_best.pdbqt
